{"type":"hty","list":[{"id":"1532705","name":"Mackshot"},{"id":"1904227","name":"Mod-Homer-Simpson"},{"id":"704348","name":"Junyi"},{"id":"7835339","name":"Muh-Rinjo"},{"id":"5024503","name":"Camelmaniac"},{"id":"6604640","name":"smekke1504"},{"id":"5825500","name":"Frutuoso"},{"id":"6421632","name":"Bounce"},{"id":"1693272","name":"Max_Schreck"},{"id":"1943360","name":"avtandil"},{"id":"8146468","name":"Wuber"},{"id":"3552541","name":"DjGiacomelli"},{"id":"6598614","name":"Toni1199"},{"id":"5775947","name":"bigs_"},{"id":"7450663","name":"insomnijak"},{"id":"2993390","name":"Stalkers"},{"id":"8037971","name":"Erino"},{"id":"6734724","name":"statkar"},{"id":"8407292","name":"Axdon"},{"id":"7922714","name":"cikamarko"},{"id":"1570740","name":"Thelonius"},{"id":"7654754","name":"-Vikt-"},{"id":"5572991","name":"Urmat"},{"id":"52286","name":"Edguy"},{"id":"335181","name":"Baler0"},{"id":"7706212","name":"Tuskanpunanen"},{"id":"6808570","name":"g_wes_HT33"},{"id":"6799382","name":"Arthur_WarBear"},{"id":"4808196","name":"Razziel"},{"id":"8441047","name":"CondePatula"},{"id":"8366392","name":"LA-MJ"},{"id":"8801136","name":"jping"},{"id":"7093200","name":"MOD-TeamBMW"},{"id":"3920552","name":"Mod-Korkpleesis"},{"id":"6164874","name":"kostadinn"},{"id":"8678843","name":"H7-Dziuggy"},{"id":"5135274","name":"Mravenec"},{"id":"4475291","name":"Sylmarion"},{"id":"8418903","name":"LA-emmis"},{"id":"8055369","name":"Mod-FrauElster"},{"id":"7277437","name":"Dorie_tries_soccer"},{"id":"5204575","name":"LA-RNH"},{"id":"8530450","name":"ilmini"},{"id":"6447993","name":"Jack_l"},{"id":"4334820","name":"Kadur"},{"id":"8437114","name":"_marvel_"},{"id":"6609378","name":"toffotox"},{"id":"8812769","name":"dspacedog"},{"id":"5012698","name":"LM_--"},{"id":"2025225","name":"a_silgidjian"},{"id":"9060882","name":"nikpaisios"},{"id":"6183787","name":"bgunceardos"},{"id":"7908626","name":"superchivo"},{"id":"9104493","name":"chembalo"},{"id":"6127012","name":"popolonator"},{"id":"9331457","name":"GM-Nestoras"},{"id":"9290141","name":"bgvnick"},{"id":"9845514","name":"SI-CH"},{"id":"8059435","name":"danielrlg"},{"id":"9793408","name":"keebak"},{"id":"10005551","name":"nebuchadnezar"},{"id":"10012932","name":"jrdvalente"},{"id":"5797853","name":"Vandji"},{"id":"9668661","name":"dr_dzsoo"},{"id":"6116217","name":"nuburu_ueda"},{"id":"10361446","name":"LA-Skevevich_Onnaski"},{"id":"10361269","name":"Yamashi3"},{"id":"7865524","name":"Dovco_HandF"},{"id":"10374824","name":"LA-six-man"},{"id":"10032805","name":"Simokas"},{"id":"10312163","name":"03092009"},{"id":"9977158","name":"Boro-358"},{"id":"10711016","name":"wangfumin1992"},{"id":"10754110","name":"dubailee"},{"id":"10199785","name":"craixek"},{"id":"10809104","name":"Lemmel"},{"id":"8717273","name":"desergio"},{"id":"10885478","name":"LA-Gato_Diaz"},{"id":"10509086","name":"Univerzalc"},{"id":"10941703","name":"wizard_xie"},{"id":"10979826","name":"DeadOrAlive"},{"id":"9184924","name":"BrothersControl"},{"id":"2396393","name":"pacostea"},{"id":"10575009","name":"LambdaB"},{"id":"9743526","name":"Bitihint"},{"id":"11191407","name":"anna_rose"},{"id":"11364099","name":"Mr_Aida"},{"id":"10906404","name":"Bender_"},{"id":"2848855","name":"LA-Willte"},{"id":"10952707","name":"Ehlana"},{"id":"3792636","name":"EdelweiSik"},{"id":"11545961","name":"helpive"},{"id":"11763054","name":"Leemonas"},{"id":"10879089","name":"r0by-"},{"id":"11894939","name":"Adler76"},{"id":"1069317","name":"Pincer"},{"id":"11283262","name":"mahla"},{"id":"5626478","name":"nscagan"}]}